method,implementation,threads,time (s),pi_value,error
Integration,Serial,1,0.25,3.14159,2.6535897932333796e-06
Integration,OpenMP,2,0.15,3.1416,7.346410206832132e-06
Integration,MPI,4,0.1,3.141592,6.535897929538237e-07
MonteCarlo,Serial,1,0.3,3.14,0.0015926535897929917
MonteCarlo,OpenMP,2,0.2,3.141,0.0005926535897931018
MonteCarlo,MPI,4,0.12,3.1415,9.265358979293481e-05
