method,implementation,threads,time (s),pi_value,error,samples
MonteCarlo,MPI,1,0.362,3.1423659,0.0007733,7431597
MonteCarlo,MPI,2,0.321,3.1406135,0.0009791,9835393
MonteCarlo,MPI,4,0.1505,3.1422985,0.0007058,3788246
MonteCarlo,MPI,8,0.0191,3.1411953,0.0003974,2520129
